audit,strategy,model,metric,value,ci_low,ci_high,n
ai_fair_recruitment,baseline,logistic_regression,accuracy,0.7504119330500391,0.745382013702194,0.7560489116295204,23062
ai_fair_recruitment,baseline,logistic_regression,auc,0.7467772416519018,,,23062
ai_fair_recruitment,baseline,logistic_regression,f1,0.3314750290360047,0.31903425013169934,0.34309425978701497,23062
ai_fair_recruitment,baseline,random_forest,accuracy,0.7056629954036944,0.7001333362240916,0.7118766802532304,23062
ai_fair_recruitment,baseline,random_forest,auc,0.6681590836730593,,,23062
ai_fair_recruitment,baseline,random_forest,f1,0.36891037560431383,0.3565215983832126,0.3798741415368147,23062
ai_fair_recruitment,baseline,gradient_boosting,accuracy,0.7509756309079871,0.7458112913017084,0.7563318445928366,23062
ai_fair_recruitment,baseline,gradient_boosting,auc,0.7464366713826046,,,23062
ai_fair_recruitment,baseline,gradient_boosting,f1,0.313777034293225,0.301994083728336,0.32659889969241246,23062
ai_fair_recruitment,unawareness,logistic_regression,accuracy,0.7510189922816755,0.7455511230595785,0.7567784667418264,23062
ai_fair_recruitment,unawareness,logistic_regression,auc,0.7467516584251931,,,23062
ai_fair_recruitment,unawareness,logistic_regression,f1,0.33217027215631545,0.3203381869422264,0.34607790563256907,23062
ai_fair_recruitment,unawareness,random_forest,accuracy,0.7005463533084728,0.6948432486341167,0.7065529875986472,23062
ai_fair_recruitment,unawareness,random_forest,auc,0.659641600227349,,,23062
ai_fair_recruitment,unawareness,random_forest,f1,0.3635023041474655,0.352856002113158,0.3737103537906309,23062
ai_fair_recruitment,unawareness,gradient_boosting,accuracy,0.7506721012921689,0.7454665683808863,0.7564619287139016,23062
ai_fair_recruitment,unawareness,gradient_boosting,auc,0.746231574032812,,,23062
ai_fair_recruitment,unawareness,gradient_boosting,f1,0.2853591846880437,0.2735824815082886,0.30040191753107404,23062
ai_fair_recruitment,unawareness_proxy_removal,logistic_regression,accuracy,0.7510189922816755,0.7455511230595785,0.7567784667418264,23062
ai_fair_recruitment,unawareness_proxy_removal,logistic_regression,auc,0.7467530903405082,,,23062
ai_fair_recruitment,unawareness_proxy_removal,logistic_regression,f1,0.33217027215631545,0.3203381869422264,0.34607790563256907,23062
ai_fair_recruitment,unawareness_proxy_removal,random_forest,accuracy,0.74781025062874,0.7423673141965138,0.7535339519555979,23062
ai_fair_recruitment,unawareness_proxy_removal,random_forest,auc,0.7327817896307106,,,23062
ai_fair_recruitment,unawareness_proxy_removal,random_forest,f1,0.31817116060961315,0.30623602212500994,0.331467122568155,23062
ai_fair_recruitment,unawareness_proxy_removal,gradient_boosting,accuracy,0.7511057150290521,0.745590148295898,0.7572467695776602,23062
ai_fair_recruitment,unawareness_proxy_removal,gradient_boosting,auc,0.7459871333385909,,,23062
ai_fair_recruitment,unawareness_proxy_removal,gradient_boosting,f1,0.28713363139592646,0.275482276931842,0.3003287627115273,23062
ai_fair_recruitment,in_processing,logistic_regression,accuracy,0.7510189922816755,0.7455511230595785,0.7567784667418264,23062
ai_fair_recruitment,in_processing,logistic_regression,auc,0.58444392505367,,,23062
ai_fair_recruitment,in_processing,logistic_regression,f1,0.33217027215631545,0.3203381869422264,0.34607790563256907,23062
ai_fair_recruitment,in_processing,random_forest,accuracy,0.7477668892550516,0.7423011881016391,0.7535567166767843,23062
ai_fair_recruitment,in_processing,random_forest,auc,0.5780459263691295,,,23062
ai_fair_recruitment,in_processing,random_forest,f1,0.3171733771569433,0.3049899477541843,0.330565019734517,23062
ai_fair_recruitment,in_processing,gradient_boosting,accuracy,0.7510623536553638,0.7457061399705143,0.7573855259734629,23062
ai_fair_recruitment,in_processing,gradient_boosting,auc,0.5730598991655041,,,23062
ai_fair_recruitment,in_processing,gradient_boosting,f1,0.29808044993275457,0.28664796423173466,0.3120239007398531,23062
ai_fair_recruitment,post_processing,logistic_regression,accuracy,0.7501951261815974,0.7449028705229382,0.7564207354088978,23062
ai_fair_recruitment,post_processing,logistic_regression,auc,,,,23062
ai_fair_recruitment,post_processing,logistic_regression,f1,0.3012734990903578,0.29097951691955687,0.31463155630720513,23062
ai_fair_recruitment,post_processing,random_forest,accuracy,0.746596132165467,0.7406740525539849,0.7525637412193218,23062
ai_fair_recruitment,post_processing,random_forest,auc,,,,23062
ai_fair_recruitment,post_processing,random_forest,f1,0.24103896103896102,0.22872954059889555,0.2542683532314367,23062
ai_fair_recruitment,post_processing,gradient_boosting,accuracy,0.7510189922816755,0.7450264504379499,0.7572532737837134,23062
ai_fair_recruitment,post_processing,gradient_boosting,auc,,,,23062
ai_fair_recruitment,post_processing,gradient_boosting,f1,0.3061865635572741,0.29486972232024333,0.3204733221191641,23062
benefits_denial,baseline,logistic_regression,accuracy,0.8019345923537541,0.7923345616459389,0.8123906034085675,6513
benefits_denial,baseline,logistic_regression,auc,0.8072541579827077,,,6513
benefits_denial,baseline,logistic_regression,f1,0.4678217821782178,0.44075479430614367,0.49196829178662177,6513
benefits_denial,baseline,random_forest,accuracy,0.8518347919545525,0.8432788269614617,0.8607477352986335,6513
benefits_denial,baseline,random_forest,auc,0.9021683673469387,,,6513
benefits_denial,baseline,random_forest,f1,0.6638801811215604,0.6454619533696787,0.68229295271459,6513
benefits_denial,baseline,gradient_boosting,accuracy,0.863196683555965,0.8561338860740059,0.8716566866267464,6513
benefits_denial,baseline,gradient_boosting,auc,0.9156190673943997,,,6513
benefits_denial,baseline,gradient_boosting,f1,0.6770569046756072,0.6580792652540515,0.6967099836764462,6513
benefits_denial,unawareness,logistic_regression,accuracy,0.7988638108398587,0.7900314755105174,0.8093044679871028,6513
benefits_denial,unawareness,logistic_regression,auc,0.7957519964507543,,,6513
benefits_denial,unawareness,logistic_regression,f1,0.4387317909168809,0.4133448371228169,0.46277680061335863,6513
benefits_denial,unawareness,random_forest,accuracy,0.833256563795486,0.8242553354828804,0.8417818209734378,6513
benefits_denial,unawareness,random_forest,auc,0.8764840541879036,,,6513
benefits_denial,unawareness,random_forest,f1,0.6257753273604412,0.6054058709070765,0.6478142482665005,6513
benefits_denial,unawareness,gradient_boosting,accuracy,0.8592046675879011,0.8519077230155074,0.8673422385997236,6513
benefits_denial,unawareness,gradient_boosting,auc,0.9095159638678525,,,6513
benefits_denial,unawareness,gradient_boosting,f1,0.6629915472252847,0.6434018642990582,0.6830727735019241,6513
benefits_denial,unawareness_proxy_removal,logistic_regression,accuracy,0.8109933978197451,0.802007523414709,0.82081989866421,6513
benefits_denial,unawareness_proxy_removal,logistic_regression,auc,0.7721351318586079,,,6513
benefits_denial,unawareness_proxy_removal,logistic_regression,f1,0.4329801934592354,0.4071647319963494,0.45711020600919255,6513
benefits_denial,unawareness_proxy_removal,random_forest,accuracy,0.8314140948871488,0.8241171503147551,0.8403999692921849,6513
benefits_denial,unawareness_proxy_removal,random_forest,auc,0.8115333721961993,,,6513
benefits_denial,unawareness_proxy_removal,random_forest,f1,0.49771271729185734,0.4709746882616092,0.5226934981024606,6513
benefits_denial,unawareness_proxy_removal,gradient_boosting,accuracy,0.831874712114233,0.8239636112390604,0.8411830185782282,6513
benefits_denial,unawareness_proxy_removal,gradient_boosting,auc,0.8085474660035905,,,6513
benefits_denial,unawareness_proxy_removal,gradient_boosting,f1,0.4997715851987209,0.47379290459771495,0.523185073849048,6513
benefits_denial,in_processing,logistic_regression,accuracy,0.7842775986488562,0.7736757254721327,0.793489943190542,6513
benefits_denial,in_processing,logistic_regression,auc,0.6486214430160335,,,6513
benefits_denial,in_processing,logistic_regression,f1,0.2798564838544336,0.252734286015384,0.30489938664612176,6513
benefits_denial,in_processing,random_forest,accuracy,0.8113004759711346,0.8027022877322278,0.8214340549669891,6513
benefits_denial,in_processing,random_forest,auc,0.6450099048719589,,,6513
benefits_denial,in_processing,random_forest,f1,0.44414292175486203,0.4200402172561052,0.46731905485731273,6513
benefits_denial,in_processing,gradient_boosting,accuracy,0.8014739751266697,0.7922462766774144,0.8117687701520037,6513
benefits_denial,in_processing,gradient_boosting,auc,0.6347301180330576,,,6513
benefits_denial,in_processing,gradient_boosting,f1,0.37141468157510943,0.3457633184954021,0.39530907898672946,6513
benefits_denial,post_processing,logistic_regression,accuracy,0.8017810532780593,0.7928681099339782,0.8113810839858744,6513
benefits_denial,post_processing,logistic_regression,auc,,,,6513
benefits_denial,post_processing,logistic_regression,f1,0.39981403998140397,0.3762274098004645,0.42692422966759197,6513
benefits_denial,post_processing,random_forest,accuracy,0.8186703516044833,0.8095309381237525,0.8274374328266544,6513
benefits_denial,post_processing,random_forest,auc,,,,6513
benefits_denial,post_processing,random_forest,f1,0.4867448935245546,0.4618542401352597,0.5114879053381662,6513
benefits_denial,post_processing,gradient_boosting,accuracy,0.8180561953017043,0.8096038691847075,0.8277521879318286,6513
benefits_denial,post_processing,gradient_boosting,auc,,,,6513
benefits_denial,post_processing,gradient_boosting,f1,0.4749667700487373,0.44936069754618146,0.4994684194304918,6513
compas,baseline,logistic_regression,accuracy,0.6533497234173326,0.6342655193607868,0.6704133374308544,3254
compas,baseline,logistic_regression,auc,0.6775374489720393,,,3254
compas,baseline,logistic_regression,f1,0.6340038935756004,0.6111472164188673,0.6523678799762288,3254
compas,baseline,random_forest,accuracy,0.6561155500921942,0.6382913337430854,0.6724185617701292,3254
compas,baseline,random_forest,auc,0.689737852451145,,,3254
compas,baseline,random_forest,f1,0.6358607224210869,0.6124437398509824,0.653823485561174,3254
compas,baseline,gradient_boosting,accuracy,0.6582667486170867,0.6402504609711125,0.6744237861094038,3254
compas,baseline,gradient_boosting,auc,0.6904106339328585,,,3254
compas,baseline,gradient_boosting,f1,0.6351706036745407,0.6121650400644608,0.6535633717462211,3254
compas,unawareness,logistic_regression,accuracy,0.5712968653964352,0.5534572833435771,0.5903503380454825,3254
compas,unawareness,logistic_regression,auc,0.6043188965244999,,,3254
compas,unawareness,logistic_regression,f1,0.5679777020749457,0.5459756193017266,0.5894819527905424,3254
compas,unawareness,random_forest,accuracy,0.5900430239704979,0.5746773202212662,0.6089505224339274,3254
compas,unawareness,random_forest,auc,0.6265075903795094,,,3254
compas,unawareness,random_forest,f1,0.6110787172011662,0.5921157512631539,0.63125688005785,3254
compas,unawareness,gradient_boosting,accuracy,0.5900430239704979,0.5735786724031962,0.6077366318377381,3254
compas,unawareness,gradient_boosting,auc,0.62753621538117,,,3254
compas,unawareness,gradient_boosting,f1,0.6090269636576787,0.5890577373886797,0.6300145142236891,3254
compas,unawareness_proxy_removal,logistic_regression,accuracy,0.5719114935464045,0.5556084818684696,0.588360479409957,3254
compas,unawareness_proxy_removal,logistic_regression,auc,0.5909346253774314,,,3254
compas,unawareness_proxy_removal,logistic_regression,f1,0.6569810391529181,0.6398188875809833,0.6755919829572627,3254
compas,unawareness_proxy_removal,random_forest,accuracy,0.5786724031960664,0.5617547633681622,0.5945067609096497,3254
compas,unawareness_proxy_removal,random_forest,auc,0.6029027342067157,,,3254
compas,unawareness_proxy_removal,random_forest,f1,0.6592095451155854,0.6423033229567107,0.677329635735673,3254
compas,unawareness_proxy_removal,gradient_boosting,accuracy,0.5786724031960664,0.5617547633681622,0.5945067609096497,3254
compas,unawareness_proxy_removal,gradient_boosting,auc,0.6034413389585077,,,3254
compas,unawareness_proxy_removal,gradient_boosting,f1,0.6592095451155854,0.6423033229567107,0.677329635735673,3254
compas,in_processing,logistic_regression,accuracy,0.5393362015980332,0.5235018438844499,0.5534880147510757,3254
compas,in_processing,logistic_regression,auc,0.5891950724687189,,,3254
compas,in_processing,logistic_regression,f1,0.27197668771248174,0.24715776556305832,0.2961115624914948,3254
compas,in_processing,random_forest,accuracy,0.5381069452980947,0.5184234787953288,0.5556392132759681,3254
compas,in_processing,random_forest,auc,0.5965032443439859,,,3254
compas,in_processing,random_forest,f1,0.2135007849293564,0.18740703352427457,0.2416398944274086,3254
compas,in_processing,gradient_boosting,accuracy,0.5396435156730178,0.5212046711739398,0.5560925015365704,3254
compas,in_processing,gradient_boosting,auc,0.5781288134563888,,,3254
compas,in_processing,gradient_boosting,f1,0.20572640509013787,0.18203267091418307,0.23304735792132233,3254
compas,post_processing,logistic_regression,accuracy,0.5565457897971727,0.5397894898586355,0.5742547633681623,3254
compas,post_processing,logistic_regression,auc,,,,3254
compas,post_processing,logistic_regression,f1,0.6086248982912937,0.5894339253148038,0.6260826168877122,3254
compas,post_processing,random_forest,accuracy,0.5626920712968654,0.5459357713583282,0.5792870313460357,3254
compas,post_processing,random_forest,auc,,,,3254
compas,post_processing,random_forest,f1,0.610670314637483,0.5924324460938317,0.6287263176151358,3254
compas,post_processing,gradient_boosting,accuracy,0.5626920712968654,0.5460817455439458,0.5792870313460357,3254
compas,post_processing,gradient_boosting,auc,,,,3254
compas,post_processing,gradient_boosting,f1,0.6104571584998632,0.5913691496587637,0.6289950462381226,3254
german_credit_lending,baseline,logistic_regression,accuracy,0.68,0.615,0.735,200
german_credit_lending,baseline,logistic_regression,auc,0.7326190476190475,,,200
german_credit_lending,baseline,logistic_regression,f1,0.7837837837837838,0.7279151943462897,0.8308862576634143,200
german_credit_lending,baseline,random_forest,accuracy,0.75,0.692375,0.8026249999999999,200
german_credit_lending,baseline,random_forest,auc,0.7945833333333334,,,200
german_credit_lending,baseline,random_forest,f1,0.8366013071895425,0.7924793197200208,0.8780814277746793,200
german_credit_lending,baseline,gradient_boosting,accuracy,0.77,0.715,0.8226249999999998,200
german_credit_lending,baseline,gradient_boosting,auc,0.7736904761904762,,,200
german_credit_lending,baseline,gradient_boosting,f1,0.8456375838926175,0.8020465862098067,0.8842617866004964,200
german_credit_lending,unawareness,logistic_regression,accuracy,0.68,0.60975,0.7452499999999997,200
german_credit_lending,unawareness,logistic_regression,auc,0.7455952380952381,,,200
german_credit_lending,unawareness,logistic_regression,f1,0.7837837837837838,0.7204028268551236,0.8325033786105321,200
german_credit_lending,unawareness,random_forest,accuracy,0.75,0.692375,0.805,200
german_credit_lending,unawareness,random_forest,auc,0.7894047619047619,,,200
german_credit_lending,unawareness,random_forest,f1,0.8376623376623377,0.7915194346289752,0.8769693985759732,200
german_credit_lending,unawareness,gradient_boosting,accuracy,0.765,0.71,0.8276249999999998,200
german_credit_lending,unawareness,gradient_boosting,auc,0.7722619047619047,,,200
german_credit_lending,unawareness,gradient_boosting,f1,0.8395904436860069,0.7971766667496205,0.8835118479935441,200
german_credit_lending,unawareness_proxy_removal,logistic_regression,accuracy,0.705,0.64,0.7676249999999999,200
german_credit_lending,unawareness_proxy_removal,logistic_regression,auc,0.7473809523809524,,,200
german_credit_lending,unawareness_proxy_removal,logistic_regression,f1,0.7986348122866893,0.744949842245773,0.8482015368684942,200
german_credit_lending,unawareness_proxy_removal,random_forest,accuracy,0.75,0.69,0.805,200
german_credit_lending,unawareness_proxy_removal,random_forest,auc,0.7901785714285714,,,200
german_credit_lending,unawareness_proxy_removal,random_forest,f1,0.8322147651006712,0.7831963001027749,0.8709904113439735,200
german_credit_lending,unawareness_proxy_removal,gradient_boosting,accuracy,0.76,0.702375,0.8176249999999998,200
german_credit_lending,unawareness_proxy_removal,gradient_boosting,auc,0.7666666666666668,,,200
german_credit_lending,unawareness_proxy_removal,gradient_boosting,f1,0.8378378378378378,0.7923068015602145,0.8810883330339501,200
german_credit_lending,in_processing,logistic_regression,accuracy,0.7,0.62,0.76,200
german_credit_lending,in_processing,logistic_regression,auc,0.6042261904761905,,,200
german_credit_lending,in_processing,logistic_regression,f1,0.8051948051948051,0.7406061771113674,0.8523290161326971,200
german_credit_lending,in_processing,random_forest,accuracy,0.71,0.645,0.7626249999999999,200
german_credit_lending,in_processing,random_forest,auc,0.6614285714285714,,,200
german_credit_lending,in_processing,random_forest,f1,0.8104575163398692,0.7573412940173023,0.8504892966360856,200
german_credit_lending,in_processing,gradient_boosting,accuracy,0.755,0.695,0.8,200
german_credit_lending,in_processing,gradient_boosting,auc,0.7070238095238095,,,200
german_credit_lending,in_processing,gradient_boosting,f1,0.8350168350168351,0.7871835502735334,0.8726468679000324,200
german_credit_lending,post_processing,logistic_regression,accuracy,0.715,0.637375,0.78,200
german_credit_lending,post_processing,logistic_regression,auc,,,,200
german_credit_lending,post_processing,logistic_regression,f1,0.8,0.7368421052631579,0.8492237442922375,200
german_credit_lending,post_processing,random_forest,accuracy,0.7,0.637375,0.765,200
german_credit_lending,post_processing,random_forest,auc,,,,200
german_credit_lending,post_processing,random_forest,f1,0.7972972972972971,0.7414129273504274,0.8485072652529609,200
german_credit_lending,post_processing,gradient_boosting,accuracy,0.745,0.675,0.795,200
german_credit_lending,post_processing,gradient_boosting,auc,,,,200
german_credit_lending,post_processing,gradient_boosting,f1,0.8247422680412371,0.7642424242424242,0.8619109657389954,200
healthcare_readmission,baseline,logistic_regression,accuracy,0.887481783004171,0.8831071913161466,0.8918299914568572,19899
healthcare_readmission,baseline,logistic_regression,auc,0.6187493237440771,,,19899
healthcare_readmission,baseline,logistic_regression,f1,0.038643194504079006,0.027899120480508254,0.05023915557326814,19899
healthcare_readmission,baseline,random_forest,accuracy,0.8879340670385446,0.8835092215689231,0.8923827830544249,19899
healthcare_readmission,baseline,random_forest,auc,0.6456590768051884,,,19899
healthcare_readmission,baseline,random_forest,f1,0.02107111501316945,0.013413993065220068,0.030049977283053156,19899
healthcare_readmission,baseline,gradient_boosting,accuracy,0.8879843208201417,0.8837843610231669,0.8923375546509875,19899
healthcare_readmission,baseline,gradient_boosting,auc,0.6711207616333124,,,19899
healthcare_readmission,baseline,gradient_boosting,f1,0.023653088042049936,0.015389029343798764,0.03291959415734491,19899
healthcare_readmission,unawareness,logistic_regression,accuracy,0.8876827981305593,0.883408714005729,0.8919543695663099,19899
healthcare_readmission,unawareness,logistic_regression,auc,0.6218564140482841,,,19899
healthcare_readmission,unawareness,logistic_regression,f1,0.02529437418229394,0.015859560643581443,0.03475746406256624,19899
healthcare_readmission,unawareness,random_forest,accuracy,0.8880848283833358,0.8839326096788783,0.8924569073822806,19899
healthcare_readmission,unawareness,random_forest,auc,0.6418599312125779,,,19899
healthcare_readmission,unawareness,random_forest,f1,0.02367382726874178,0.014850421804023363,0.03227245320251048,19899
healthcare_readmission,unawareness,gradient_boosting,accuracy,0.8879340670385446,0.8838132569475853,0.892260917634052,19899
healthcare_readmission,unawareness,gradient_boosting,auc,0.6685026661270979,,,19899
healthcare_readmission,unawareness,gradient_boosting,f1,0.024496937882764656,0.016063836117132052,0.03398617511520737,19899
healthcare_readmission,unawareness_proxy_removal,logistic_regression,accuracy,0.887481783004171,0.8832793105181165,0.8918299914568572,19899
healthcare_readmission,unawareness_proxy_removal,logistic_regression,auc,0.5750128029341461,,,19899
healthcare_readmission,unawareness_proxy_removal,logistic_regression,f1,0.00267260579064588,0.00041018998272884864,0.005826636946759958,19899
healthcare_readmission,unawareness_proxy_removal,random_forest,accuracy,0.887481783004171,0.8833320769887933,0.8918036082215187,19899
healthcare_readmission,unawareness_proxy_removal,random_forest,auc,0.5709647064726212,,,19899
healthcare_readmission,unawareness_proxy_removal,random_forest,f1,0.0017833259028087382,0.0,0.004600103038755007,19899
healthcare_readmission,unawareness_proxy_removal,gradient_boosting,accuracy,0.8875822905673652,0.8834853510226645,0.8919304990200513,19899
healthcare_readmission,unawareness_proxy_removal,gradient_boosting,auc,0.6028481428840392,,,19899
healthcare_readmission,unawareness_proxy_removal,gradient_boosting,f1,0.00178491744756805,0.0,0.00454014870769367,19899
healthcare_readmission,in_processing,logistic_regression,accuracy,0.887481783004171,0.8832793105181165,0.8918299914568572,19899
healthcare_readmission,in_processing,logistic_regression,auc,0.5004450049045183,,,19899
healthcare_readmission,in_processing,logistic_regression,f1,0.00267260579064588,0.00041018998272884864,0.005826636946759958,19899
healthcare_readmission,in_processing,random_forest,accuracy,0.887481783004171,0.8833320769887933,0.8918036082215187,19899
healthcare_readmission,in_processing,random_forest,auc,0.5002494956746227,,,19899
healthcare_readmission,in_processing,random_forest,f1,0.0017833259028087382,0.0,0.004600103038755007,19899
healthcare_readmission,in_processing,gradient_boosting,accuracy,0.8875822905673652,0.8834853510226645,0.8919304990200513,19899
healthcare_readmission,in_processing,gradient_boosting,auc,0.5003061047886901,,,19899
healthcare_readmission,in_processing,gradient_boosting,f1,0.00178491744756805,0.0,0.00454014870769367,19899
healthcare_readmission,post_processing,logistic_regression,accuracy,0.8872305140961857,0.8831260364842454,0.8915284687672748,19899
healthcare_readmission,post_processing,logistic_regression,auc,,,,19899
healthcare_readmission,post_processing,logistic_regression,f1,0.0044365572315882874,0.000887479175938215,0.008657673067794656,19899
healthcare_readmission,post_processing,random_forest,accuracy,0.8875320367857681,0.8832843358962762,0.8917031006583246,19899
healthcare_readmission,post_processing,random_forest,auc,,,,19899
healthcare_readmission,post_processing,random_forest,f1,0.005333333333333334,0.0017361912085095477,0.01067874248724226,19899
healthcare_readmission,post_processing,gradient_boosting,accuracy,0.8872807678777828,0.883133574551485,0.891404090657822,19899
healthcare_readmission,post_processing,gradient_boosting,auc,,,,19899
healthcare_readmission,post_processing,gradient_boosting,f1,0.006202924235711122,0.001795139726174209,0.010825662709383637,19899
insurance_denial,baseline,logistic_regression,accuracy,0.7677902621722846,0.7226591760299625,0.8147003745318351,267
insurance_denial,baseline,logistic_regression,auc,0.7808326787117046,,,267
insurance_denial,baseline,logistic_regression,f1,0.7256637168141593,0.6601439571476398,0.7834131392453553,267
insurance_denial,baseline,random_forest,accuracy,0.7677902621722846,0.7171348314606741,0.8164794007490637,267
insurance_denial,baseline,random_forest,auc,0.8193524856918415,,,267
insurance_denial,baseline,random_forest,f1,0.735042735042735,0.6699408783783785,0.7973765432098765,267
insurance_denial,baseline,gradient_boosting,accuracy,0.7677902621722846,0.7191011235955056,0.8164794007490637,267
insurance_denial,baseline,gradient_boosting,auc,0.8345864661654134,,,267
insurance_denial,baseline,gradient_boosting,f1,0.7304347826086957,0.6650971599402092,0.7886049583418004,267
insurance_denial,unawareness,logistic_regression,accuracy,0.7715355805243446,0.724625468164794,0.8164794007490637,267
insurance_denial,unawareness,logistic_regression,auc,0.7811693412636068,,,267
insurance_denial,unawareness,logistic_regression,f1,0.7312775330396476,0.6650971599402092,0.7899812206572769,267
insurance_denial,unawareness,random_forest,accuracy,0.7677902621722846,0.7171348314606741,0.8164794007490637,267
insurance_denial,unawareness,random_forest,auc,0.8142183817753338,,,267
insurance_denial,unawareness,random_forest,f1,0.735042735042735,0.6683246073298429,0.7967682885679579,267
insurance_denial,unawareness,gradient_boosting,accuracy,0.7790262172284644,0.7303370786516854,0.8314606741573034,267
insurance_denial,unawareness,gradient_boosting,auc,0.8362417237122658,,,267
insurance_denial,unawareness,gradient_boosting,f1,0.7445887445887446,0.6791834032222468,0.8044322897019992,267
insurance_denial,unawareness_proxy_removal,logistic_regression,accuracy,0.6441947565543071,0.5935393258426966,0.700374531835206,267
insurance_denial,unawareness_proxy_removal,logistic_regression,auc,0.6874088205588598,,,267
insurance_denial,unawareness_proxy_removal,logistic_regression,f1,0.6184738955823292,0.5531481078729883,0.6943851600678169,267
insurance_denial,unawareness_proxy_removal,random_forest,accuracy,0.6816479400749064,0.6292134831460674,0.7378277153558053,267
insurance_denial,unawareness_proxy_removal,random_forest,auc,0.7300246885871393,,,267
insurance_denial,unawareness_proxy_removal,random_forest,f1,0.6443514644351463,0.5774359899026326,0.713063063063063,267
insurance_denial,unawareness_proxy_removal,gradient_boosting,accuracy,0.7228464419475655,0.6704119850187266,0.7790262172284644,267
insurance_denial,unawareness_proxy_removal,gradient_boosting,auc,0.7543485579620695,,,267
insurance_denial,unawareness_proxy_removal,gradient_boosting,f1,0.6696428571428571,0.5970821249204216,0.744655245072614,267
insurance_denial,in_processing,logistic_regression,accuracy,0.5617977528089888,0.50187265917603,0.6199438202247189,267
insurance_denial,in_processing,logistic_regression,auc,0.5334418134889463,,,267
insurance_denial,in_processing,logistic_regression,f1,0.5375494071146245,0.46022465437788024,0.5992644965360159,267
insurance_denial,in_processing,random_forest,accuracy,0.6666666666666666,0.6142322097378277,0.721067415730337,267
insurance_denial,in_processing,random_forest,auc,0.6670687913814387,,,267
insurance_denial,in_processing,random_forest,f1,0.6276150627615064,0.5619443082655161,0.6953618320610687,267
insurance_denial,in_processing,gradient_boosting,accuracy,0.7153558052434457,0.6609550561797752,0.7715355805243446,267
insurance_denial,in_processing,gradient_boosting,auc,0.7159129166199079,,,267
insurance_denial,in_processing,gradient_boosting,f1,0.6666666666666666,0.6008050847457627,0.7384533143264433,267
insurance_denial,post_processing,logistic_regression,accuracy,0.6853932584269663,0.6367041198501873,0.7415730337078652,267
insurance_denial,post_processing,logistic_regression,auc,,,,267
insurance_denial,post_processing,logistic_regression,f1,0.6181818181818182,0.5462740384615384,0.6916862009689013,267
insurance_denial,post_processing,random_forest,accuracy,0.6853932584269663,0.6329588014981273,0.7453183520599251,267
insurance_denial,post_processing,random_forest,auc,,,,267
insurance_denial,post_processing,random_forest,f1,0.58,0.5025110521662246,0.6652272727272727,267
insurance_denial,post_processing,gradient_boosting,accuracy,0.7153558052434457,0.6647003745318352,0.7752808988764045,267
insurance_denial,post_processing,gradient_boosting,auc,,,,267
insurance_denial,post_processing,gradient_boosting,f1,0.6806722689075629,0.6132672955974842,0.7534264150943396,267
tenant_screening,baseline,logistic_regression,accuracy,0.6856976969227792,0.6743710083220438,0.6999274240371589,5167
tenant_screening,baseline,logistic_regression,auc,0.7345509053526865,,,5167
tenant_screening,baseline,logistic_regression,f1,0.7432816945937402,0.7332128309558327,0.7556733197311248,5167
tenant_screening,baseline,random_forest,accuracy,0.6855041610218695,0.6724162957228565,0.697798529127153,5167
tenant_screening,baseline,random_forest,auc,0.7402088800893,,,5167
tenant_screening,baseline,random_forest,f1,0.7401247401247403,0.726962207699391,0.752730905691567,5167
tenant_screening,baseline,gradient_boosting,accuracy,0.7015676407973679,0.6895490613508807,0.7147474356493129,5167
tenant_screening,baseline,gradient_boosting,auc,0.7589825528131352,,,5167
tenant_screening,baseline,gradient_boosting,f1,0.7563981042654029,0.745001365683956,0.7684637841249802,5167
tenant_screening,unawareness,logistic_regression,accuracy,0.6895684149409715,0.678149796787304,0.7041852138571705,5167
tenant_screening,unawareness,logistic_regression,auc,0.7324537563765391,,,5167
tenant_screening,unawareness,logistic_regression,f1,0.7462025316455696,0.7350956062443,0.7585983257786857,5167
tenant_screening,unawareness,random_forest,accuracy,0.6946003483646216,0.6826930520611574,0.7076688600735436,5167
tenant_screening,unawareness,random_forest,auc,0.7402163995024296,,,5167
tenant_screening,unawareness,random_forest,f1,0.7479233226837061,0.7357613947418005,0.7606129878823014,5167
tenant_screening,unawareness,gradient_boosting,accuracy,0.6998258176891814,0.6875314495838979,0.713179794851945,5167
tenant_screening,unawareness,gradient_boosting,auc,0.7585661461288986,,,5167
tenant_screening,unawareness,gradient_boosting,f1,0.7555555555555556,0.743015939145299,0.767816431864962,5167
tenant_screening,unawareness_proxy_removal,logistic_regression,accuracy,0.6388620089026514,0.6271482485000968,0.6518385910586414,5167
tenant_screening,unawareness_proxy_removal,logistic_regression,auc,0.6731099341268718,,,5167
tenant_screening,unawareness_proxy_removal,logistic_regression,f1,0.7118591723285979,0.6999464218502233,0.7248076773856658,5167
tenant_screening,unawareness_proxy_removal,random_forest,accuracy,0.6373137216953745,0.6235629959357462,0.649738726533772,5167
tenant_screening,unawareness_proxy_removal,random_forest,auc,0.6692893049699022,,,5167
tenant_screening,unawareness_proxy_removal,random_forest,f1,0.6987138263665595,0.6842069967040434,0.7115656135968974,5167
tenant_screening,unawareness_proxy_removal,gradient_boosting,accuracy,0.6711825043545577,0.6572479194890652,0.6851170892200503,5167
tenant_screening,unawareness_proxy_removal,gradient_boosting,auc,0.7148860287155645,,,5167
tenant_screening,unawareness_proxy_removal,gradient_boosting,f1,0.7347384855581576,0.7219167626307511,0.7472224298507459,5167
tenant_screening,in_processing,logistic_regression,accuracy,0.6262821753435263,0.6130104509386491,0.6389732920456744,5167
tenant_screening,in_processing,logistic_regression,auc,0.5984179154774997,,,5167
tenant_screening,in_processing,logistic_regression,f1,0.7114896160167339,0.6994035593105647,0.7245760023511781,5167
tenant_screening,in_processing,random_forest,accuracy,0.6340236113799109,0.6198858138184633,0.6473969421327656,5167
tenant_screening,in_processing,random_forest,auc,0.6260022687143614,,,5167
tenant_screening,in_processing,random_forest,f1,0.6954421001771622,0.6806664208267246,0.707598211786491,5167
tenant_screening,in_processing,gradient_boosting,accuracy,0.6702148248500097,0.6570543835881556,0.6834768724598412,5167
tenant_screening,in_processing,gradient_boosting,auc,0.6549042840091547,,,5167
tenant_screening,in_processing,gradient_boosting,f1,0.7377654662973222,0.7249711893886068,0.7508786484956129,5167
tenant_screening,post_processing,logistic_regression,accuracy,0.6346042190826399,0.6214437778207857,0.6485484807431778,5167
tenant_screening,post_processing,logistic_regression,auc,,,,5167
tenant_screening,post_processing,logistic_regression,f1,0.7265353418308228,0.7145867528000645,0.7396348302218362,5167
tenant_screening,post_processing,random_forest,accuracy,0.6409909038126572,0.6278207857557577,0.6548432359202632,5167
tenant_screening,post_processing,random_forest,auc,,,,5167
tenant_screening,post_processing,random_forest,f1,0.7138670368656486,0.7009437505012357,0.7261381701601134,5167
tenant_screening,post_processing,gradient_boosting,accuracy,0.6742790787691116,0.6616992452099865,0.6880298045287401,5167
tenant_screening,post_processing,gradient_boosting,auc,,,,5167
tenant_screening,post_processing,gradient_boosting,f1,0.743874600517425,0.731321667373797,0.7568421810044621,5167
